Full Name,License Number,Address,Date of Birth,Issue Date,Expiry Date,State,Endorsements,Class,Sex,Height,Weight (lbs),Eye Color,Organ Donor
Derrick Middleton,S65970360,"0753 Nicole Street, Moralesport, MI 16869",12/29/1982,12/05/2019,12/20/2034,Massachusetts,Four Wheeler,D,M,"6'5""",149,Brown,No
Erica Barker,S81948602,"2270 Samuel Passage Apt. 614, South Danielle, VT 88106",09/02/1971,03/24/2016,02/27/2030,Massachusetts,Four Wheeler,CDL,F,"4'4""",120,Green,Yes
Stephanie Wilson,S59584871,"4585 David Loaf Suite 705, Andersonchester, MN 20000",12/27/1969,02/01/2024,06/03/2032,Massachusetts,Four Wheeler,CDL,F,"5'8""",113,Brown,Yes
Patricia Pope,S60290129,"8118 Tonya Crescent, Markport, KY 78581",12/18/1982,12/19/2016,08/12/2032,Massachusetts,Four Wheeler,CDL,M,"4'9""",240,Brown,No
Joseph French,S33705767,"463 Scott Drives, Dennismouth, CO 40543",11/27/1976,09/22/2020,03/01/2030,Massachusetts,Four Wheeler,M,M,"4'2""",114,Hazel,Yes
Kimberly Hernandez,S94597643,"08345 Torres Fork Suite 403, Port Amanda, MA 88072",01/07/1970,03/14/2022,01/03/2033,Massachusetts,Four Wheeler,M,M,"4'6""",213,Blue,No
Brian Thomas,S72325545,"314 Chad Garden, Mullinsview, IN 65686",02/14/2065,07/03/2024,05/16/2035,Massachusetts,Four Wheeler,CDL,F,"4'8""",113,Hazel,No
Mary Sanchez,S56617825,"0476 Mclean Mountains, Lake Lisa, IL 47826",01/21/1974,06/03/2022,08/01/2032,Massachusetts,Four Wheeler,D,M,"5'6""",211,Green,Yes
Rachel Duke,S73346391,"225 Robert Hills Suite 966, New Calebmouth, MA 93906",02/09/1969,02/17/2022,08/20/2028,Massachusetts,Four Wheeler,CDL,M,"6'4""",190,Blue,Yes
Brenda Jones,S50357883,"4674 Hurst Prairie, Elizabethmouth, DC 17783",08/31/2055,03/25/2023,08/21/2033,Massachusetts,Four Wheeler,D,M,"6'3""",196,Brown,No
Barbara Jones,S24939479,"75331 Briana Wells, Port James, ID 76019",11/14/2003,04/09/2024,07/07/2031,Massachusetts,Four Wheeler,M,F,"5'5""",196,Green,Yes
Ryan Diaz,S83554056,"5001 Kaitlyn Mall, Brownchester, ND 84866",06/22/2052,10/16/2021,08/21/2027,Massachusetts,Four Wheeler,D,M,"6'2""",195,Blue,No
Joshua Duffy,S44512413,"6504 Robertson Mountain, Hallville, NE 94571",12/19/1986,01/18/2019,05/03/2033,Massachusetts,Four Wheeler,CDL,M,"6'6""",114,Blue,Yes
Scott Jones,S68833151,"632 Clark Prairie Apt. 365, Richardsonshire, NJ 88143",09/16/2049,11/25/2017,10/18/2030,Massachusetts,Four Wheeler,CDL,M,"4'6""",219,Hazel,No
Karen Jackson,S44903694,"493 Moore Turnpike, Alexanderland, MT 74299",04/01/2050,08/01/2023,08/29/2026,Massachusetts,Four Wheeler,CDL,F,"4'5""",120,Brown,Yes
Ashley Carter,S76653966,"120 Singh Locks Apt. 741, Kyleville, CA 56241",09/29/1973,09/17/2015,07/20/2027,Massachusetts,Four Wheeler,CDL,F,"6'10""",130,Gray,No
Joyce Jones,S18039282,"56048 Fischer Bypass, East Kathleenville, NJ 37339",10/15/2003,08/03/2016,01/06/2031,Massachusetts,Four Wheeler,D,F,"5'3""",153,Blue,Yes
Kathleen Lam,S17200027,"912 Nguyen Field Suite 382, South Carlosburgh, IL 95887",05/25/2063,04/28/2017,03/01/2035,Massachusetts,Four Wheeler,M,F,"6'2""",198,Brown,Yes
Ryan Webb,S58315613,"PSC 7163, Box 4948, APO AE 98125",04/02/1986,04/18/2016,02/07/2033,Massachusetts,Four Wheeler,CDL,F,"6'4""",207,Gray,No
Jacqueline Phillips,S15902118,"Unit 0980 Box 0271, DPO AP 30617",05/29/1995,01/18/2017,07/09/2029,Massachusetts,Four Wheeler,D,F,"5'2""",199,Gray,No
Rebecca Howard,S48324350,"40344 Ashley Mews Apt. 486, South Kara, AK 72073",03/04/2002,07/10/2016,10/03/2028,Massachusetts,Four Wheeler,CDL,M,"6'11""",198,Brown,No
Savannah Matthews,S35097735,"505 Jeffrey Turnpike Apt. 883, North Elizabethborough, OR 98789",01/28/1992,09/22/2017,10/22/2034,Massachusetts,Four Wheeler,M,F,"4'7""",162,Gray,Yes
Katie Williams,S10584567,"78867 Mark Lake Apt. 045, Jacobview, MO 62529",08/07/2068,11/27/2015,01/18/2030,Massachusetts,Four Wheeler,M,M,"4'4""",167,Blue,Yes
Kristina Mejia,S90285449,"Unit 5923 Box 9776, DPO AA 60457",02/01/2066,10/01/2020,09/06/2032,Massachusetts,Four Wheeler,M,M,"5'9""",212,Green,Yes
Derek Arellano,S38581353,"68346 White Wall Apt. 804, East Angela, TN 05515",06/21/1989,01/24/2018,01/20/2031,Massachusetts,Four Wheeler,CDL,F,"5'9""",229,Blue,No
Mary Underwood,S66817852,"0739 Hicks Village Suite 583, Kennethtown, OH 42506",12/28/1999,12/01/2021,08/31/2028,Massachusetts,Four Wheeler,D,F,"6'8""",170,Hazel,Yes
Danielle Herring,S80450904,"11507 Hunter Stravenue Suite 104, West Victor, TX 10103",07/08/1977,02/20/2021,02/18/2035,Massachusetts,Four Wheeler,M,M,"6'3""",110,Green,No
Raymond Mason,S96085422,"314 Bolton Pike Apt. 663, Copelandside, CA 71753",06/02/2058,12/02/2019,03/03/2030,Massachusetts,Four Wheeler,M,F,"6'8""",135,Hazel,Yes
Sandra Trevino,S93530309,"6282 Gregory Point Apt. 948, Scottborough, NH 06029",02/27/2063,04/19/2021,05/23/2033,Massachusetts,Four Wheeler,M,M,"6'6""",206,Hazel,No
Valerie Jones,S86190351,"PSC 7244, Box 7587, APO AP 75193",05/30/1997,11/08/2023,07/21/2031,Massachusetts,Four Wheeler,D,M,"4'7""",222,Brown,No
Mallory Lucas,S10270423,"02798 Amy Common, Jordanview, ME 34044",01/16/1977,11/04/2023,09/01/2028,Massachusetts,Four Wheeler,CDL,F,"5'5""",130,Blue,No
Andrea James,S45788059,"2262 Jason Fort Suite 569, Zoeshire, AL 23700",07/10/1973,05/04/2016,11/23/2034,Massachusetts,Four Wheeler,M,F,"6'1""",106,Blue,No
Gary Gonzalez,S82514528,"3791 Mckee Common Suite 556, Melissafurt, KS 44942",05/19/1981,06/01/2023,08/25/2031,Massachusetts,Four Wheeler,D,M,"6'6""",123,Brown,No
David Bruce,S22210123,"62988 Jill Ports Apt. 597, Joeborough, MO 58463",08/28/2065,06/02/2017,06/03/2035,Massachusetts,Four Wheeler,M,M,"5'2""",237,Hazel,Yes
Matthew Robinson,S47059393,"706 Edgar Glens Apt. 414, Taylormouth, CO 67257",09/07/2049,10/01/2022,05/09/2032,Massachusetts,Four Wheeler,D,F,"5'11""",235,Blue,Yes
Scott Padilla,S13828126,"PSC 7389, Box 0936, APO AE 83812",10/23/2067,04/21/2023,12/21/2028,Massachusetts,Four Wheeler,M,F,"4'5""",122,Green,No
Sierra Brown,S38358680,"578 Paul Passage, Meganmouth, KS 41496",09/01/1983,01/17/2023,11/19/2028,Massachusetts,Four Wheeler,CDL,M,"5'8""",136,Gray,No
Jeanne Farrell,S36572347,"33588 Martin Viaduct, Port Eric, IL 16019",09/24/2052,07/08/2018,07/13/2028,Massachusetts,Four Wheeler,M,F,"5'1""",122,Brown,Yes
Brandon Lopez,S48024252,"0479 Bill Rest Suite 078, Carlosview, MT 87689",03/28/2055,06/01/2023,08/07/2026,Massachusetts,Four Wheeler,CDL,M,"6'1""",180,Hazel,Yes
Samuel James,S94442595,"35786 Katelyn Plaza, East Nicholas, DC 75386",06/11/1969,08/10/2018,12/11/2031,Massachusetts,Four Wheeler,CDL,F,"5'5""",112,Hazel,Yes
Christopher Robinson,S72223152,"7154 Chan Inlet Suite 897, East Matthewhaven, MA 79105",01/21/2067,12/29/2019,08/26/2034,Massachusetts,Four Wheeler,M,F,"5'11""",142,Brown,Yes
Philip Schneider,S58882270,"1681 Ramirez Heights, South Monica, LA 58147",09/28/1986,07/04/2021,11/08/2029,Massachusetts,Four Wheeler,M,M,"4'0""",159,Green,Yes
Brian Ball,S35093197,"7574 Tara Divide Suite 046, Leefort, NH 90585",08/24/1983,08/15/2019,02/18/2030,Massachusetts,Four Wheeler,M,M,"5'4""",151,Blue,No
Crystal Castillo,S81654875,"71593 Hill Pines, New Andrea, AK 40959",06/22/2067,02/28/2020,09/01/2033,Massachusetts,Four Wheeler,M,F,"6'4""",212,Brown,Yes
